iter	Logloss
0	0.5406686028
1	0.4887285026
2	0.4661983316
3	0.4502142388
4	0.4441520681
5	0.4361464812
6	0.4304887985
7	0.4246885473
8	0.4195860458
9	0.4150836884
